avg_hue	avg_saturation	avg_value	area	perimeter	circularity	label
76.69644013	135.6674793	116.1710057	4756.163329	266.2233406	0.926542376	bad
68.88431242	144.7603419	104.7937868	4347.571524	251.260752	0.940771418	good
64.79461469	125.5838721	84.0523108	4664.911724	305.9755684	0.800872654	good
73.50460686	126.6056743	91.0091601	4795.449961	302.7399622	0.833390618	bad
97.71638816	105.3586006	114.1629382	4927.177819	321.9353622	0.94260921	good
72.92811728	122.3706183	83.80654297	4234.642082	339.0258053	0.933277083	good
80.75162487	126.6308633	122.5603457	4399.315916	257.9406585	0.993209501	good
88.12075836	112.1235252	104.7573264	4152.416013	323.149649	0.952207558	bad
74.5451841	113.4621615	104.0293289	4992.483502	268.7411944	0.990154542	bad
98.87128331	118.8642082	109.6203892	4927.000968	335.8177053	0.9405081	good
98.4978918	101.0035599	121.2340483	4539.95713	331.9063514	0.859610442	bad
70.07129183	116.1039583	97.3904604	4842.033294	304.0793755	0.821072984	bad
79.88994024	110.5724003	113.9008076	4520.957977	321.0242799	0.956364773	good
72.03513239	116.3748676	108.2865982	4623.585688	281.4350113	0.928829844	good
71.39361978	105.9881066	93.35141351	4089.124432	297.1167899	0.809637202	bad
61.47547789	144.526364	123.9314993	4755.27042	332.1636898	0.872010093	good
84.38257336	129.6796227	119.8713011	4127.713484	295.9265197	0.991359963	bad
80.10716093	133.955116	112.9225917	4826.06763	285.7798265	0.900080229	bad
62.05915005	139.4585619	122.5290865	4782.028088	299.4212447	0.886545827	good
71.14585857	124.9221099	123.36471	4708.744698	332.8249252	0.891539921	bad
96.33063544	104.3460144	115.4181488	4036.160381	283.5208047	0.841776545	bad
69.58247563	126.8553271	121.8506664	4303.128356	267.3761593	0.873741434	good
65.79579488	129.3420559	114.8735731	4263.11257	321.201402	0.873962651	good
79.57811041	137.2719737	114.0070386	4360.136407	332.5978213	0.810471004	good
99.42601816	121.5829773	110.9305689	4087.642747	260.0637479	0.953513526	bad
69.68221086	106.3790151	117.635832	4936.957823	273.9874113	0.883300886	good
86.8854219	114.1887953	87.93025526	4553.802241	264.197199	0.964435977	good
90.46478461	118.1541148	124.043538	4305.524311	284.7941412	0.9700696	good
69.50550176	132.2958621	123.5921764	4396.981517	295.0350979	0.842398811	good
89.12865394	128.5389152	81.46236415	4447.202541	324.8826337	0.931470696	bad
74.71132531	117.8048363	121.2908375	4600.594333	315.1147585	0.894456361	bad
85.29223322	149.3257624	86.44349337	4515.679428	312.0928567	0.976031348	good
85.34118843	130.288741	96.75594271	4919.391973	285.2374947	0.843148136	bad
81.43098736	111.8613396	117.1754128	4496.963483	334.1447553	0.93556264	good
63.6115908	105.0891236	88.0379948	4992.158015	297.1287167	0.921550424	good
93.41209982	107.642957	120.8983512	4851.424958	347.9104938	0.859060296	bad
72.8312026	112.2978864	121.6067089	4208.510514	313.4142138	0.827320181	bad
67.46074042	108.0340687	105.3733867	4930.595215	262.6264742	0.930327952	good
61.63100566	109.3283512	80.31929359	4116.366398	317.6177562	0.947719492	good
83.63571773	114.2547584	94.35190666	4817.449708	282.5104015	0.863125469	bad
87.10257447	108.6686798	110.8463459	4380.623293	318.6327197	0.928966521	good
60.66351316	144.8382712	129.0593089	4877.97432	256.9641148	0.879026182	bad
80.48372233	104.0116873	111.5906764	4868.05669	267.4881437	0.942641377	good
69.05983101	126.2255695	92.99017905	4805.9254	335.5737259	0.839843055	good
85.80691162	120.5198413	111.7002852	4790.030436	272.7179557	0.978043001	bad
66.97465716	149.1189308	106.999269	4304.679139	333.7041125	0.857481919	bad
87.63750952	105.6019451	118.9922698	4080.919283	277.9276088	0.873557198	bad
75.46941385	119.89278	85.34903194	4402.980179	314.288191	0.81161839	bad
97.46919955	148.4735217	118.0513951	4173.524515	319.4150574	0.822302442	bad
65.50083777	143.2753563	107.0633289	4694.951089	301.2654753	0.903172381	bad
73.64265404	140.8536035	128.1496002	4346.099727	280.5310677	0.853518535	bad
64.53894085	112.8951414	97.0936083	4975.610201	271.2644376	0.967096045	good
96.98774473	108.5443794	111.6310947	4640.972077	253.3189355	0.802938678	good
95.09357414	133.432161	126.6014053	4822.480564	280.3946401	0.87581881	good
70.31766511	146.4687995	85.1254864	4132.524673	315.3162791	0.867469109	bad
86.39936184	127.8381447	126.8614244	4862.014482	343.8304818	0.803865526	bad
92.68888801	128.5806345	114.3942861	4922.757191	337.1204482	0.82487368	bad
82.20803246	113.9989547	83.39185296	4487.061919	326.6064777	0.882728535	good
81.18602313	138.4746467	95.04817835	4606.252938	328.8447343	0.898572917	bad
69.67409164	109.3521874	115.4086044	4764.809801	316.4984903	0.880857949	bad
63.72411071	116.1839618	83.36753007	4174.838627	276.0286858	0.906187536	good
95.88863032	121.2718219	109.108523	4502.566076	340.7195031	0.919026335	bad
96.01672229	125.3805189	97.29415285	4398.663028	317.0732312	0.801984764	good
85.32405829	112.1204866	111.0457759	4146.373992	306.0440631	0.892819032	good
73.56119164	105.7418412	82.28710169	4367.534422	261.0989469	0.992699848	bad
73.96838298	130.5310021	123.5768403	4068.172309	294.7055544	0.903806456	bad
89.03822715	114.4315277	128.6744485	4025.811907	296.0358271	0.935508453	bad
95.8844104	129.0619111	128.4438928	4135.166289	336.456361	0.862372772	good
95.48345697	107.7181358	117.4825916	4963.115112	304.664822	0.954798276	good
91.19502183	124.0570051	86.50431201	4549.529536	288.0400549	0.954584296	good
85.68126585	126.6294716	117.9131598	4965.822161	347.6800329	0.90425921	bad
63.3655986	102.5911768	81.22934582	4432.497878	261.0720593	0.995202765	bad
66.46514856	116.8302139	81.10617758	4311.816133	292.2548428	0.825110043	bad
95.94216754	106.7207338	96.18051096	4506.141863	254.2024675	0.803389533	bad
84.25716239	103.1687485	104.4321595	4439.511689	323.9904121	0.954031642	good
60.36788206	149.4980116	118.5203709	4105.664684	341.8076552	0.961431107	good
64.05886171	116.1176922	114.1647688	4640.826315	278.003733	0.824041446	good
86.54007076	140.4937223	102.2951353	4216.038183	335.8341677	0.853116567	good
60.20246335	112.7320327	93.68133331	4619.587955	279.221823	0.803510473	bad
66.43232206	134.0751361	129.856225	4650.201092	341.0770162	0.858661722	bad
81.94935157	138.011393	101.3090651	4152.024853	325.3961904	0.954628375	bad
87.67580791	129.781937	102.5693512	4061.349627	330.4906777	0.903592106	good
86.07845038	123.5788094	88.18119106	4780.761586	251.8006556	0.869619119	good
68.97077238	120.5920457	119.7404774	4459.800424	346.2810357	0.874347859	bad
88.48716885	117.4434133	114.6841113	4058.163796	322.6670992	0.800270725	bad
69.4899635	146.4764572	91.03848064	4994.866317	280.4751095	0.859960106	good
73.01598793	141.5309704	84.11905228	4057.780561	332.9394665	0.929291748	bad
89.8596562	148.2513455	114.0249651	4695.035229	278.1521198	0.994838889	good
85.98531596	106.2148612	112.7255607	4983.678925	337.275384	0.969412165	good
93.96893642	136.5433738	93.66297635	4239.180104	261.258039	0.804718993	good
86.30451569	146.9170228	127.5431781	4142.249369	320.3685977	0.979712121	bad
82.73234413	109.0616533	87.55289459	4121.384939	304.0698477	0.956639683	bad
63.74699071	103.3248134	101.6167401	4303.275148	259.653447	0.956075225	good
74.70863212	137.0560325	127.180796	4101.045811	274.1893828	0.891599152	bad
70.60809471	128.7236557	100.9863658	4692.161342	251.2404036	0.879601059	good
69.75958574	142.0914388	111.9262974	4062.291798	296.8767965	0.860583146	good
98.92042219	106.9886188	99.8797199	4509.422128	280.1265261	0.813138972	good
75.72390899	139.7633656	93.71076012	4996.696854	309.8357484	0.845647073	good
95.68186221	110.081366	129.1988824	4813.97027	279.7237808	0.849320727	bad
85.24554504	108.1827971	100.4667003	4615.219438	279.9919112	0.896815414	good
91.79245214	108.2132899	124.7049602	4306.253621	324.3193199	0.949488881	good
80.10548372	140.728736	91.49773029	4623.895836	254.8142836	0.894761966	bad
83.07615539	133.259861	90.6552352	4527.041464	340.2894995	0.81156889	good
79.70070775	126.1532712	81.55670414	4426.083384	335.2263874	0.99155796	good
67.80971951	117.9415242	112.5833413	4130.710377	316.7804683	0.988544864	bad
88.89808461	143.860027	98.42631719	4886.604215	309.322157	0.957037909	bad
71.2308945	119.6222554	123.2179125	4449.784649	339.2302498	0.99826558	bad
60.97263866	140.829972	103.6604953	4194.622512	268.533018	0.908896467	good
85.81889184	121.9567454	128.4096714	4367.759351	257.8969162	0.99255367	bad
67.08442718	118.8472215	89.27627579	4414.129753	273.951017	0.815121008	bad
97.61834337	123.1339893	123.4311584	4827.537896	329.4578279	0.87313615	good
98.15714308	115.0688937	118.8298426	4733.614381	253.4670267	0.845076254	good
96.59457561	137.380469	118.5460922	4769.304894	308.2806835	0.839166617	good
74.80634801	125.1360195	122.2391614	4011.031264	349.5437516	0.82816059	good
60.61826466	111.6106348	118.0511995	4416.153998	335.5696094	0.924482728	good
97.1327425	144.9787287	111.3110161	4481.344152	302.1445689	0.956264371	bad
77.12736593	119.1945611	86.56224388	4019.192277	256.3640909	0.91565968	bad
98.66619276	127.1776431	81.62630897	4259.813209	333.1373514	0.829392542	bad
98.54479908	145.3236055	126.0423924	4760.289823	309.8978508	0.962224754	good
94.12037822	131.2118998	110.8325157	4137.109706	261.4932997	0.927190941	good
71.77795568	105.844902	119.8268645	4535.310131	259.3857285	0.877633141	good
75.40390914	146.9916062	104.0761176	4215.201872	340.9626819	0.934826059	bad
94.04546686	131.3854027	85.86540945	4012.120775	316.9200263	0.851980996	bad
72.67688021	116.7452807	86.25928961	4241.201458	332.9286799	0.869038442	good
66.77970987	106.9636036	114.2782644	4975.873755	337.89789	0.983497169	bad
82.2720505	139.7012595	101.5152947	4801.537112	307.1772352	0.858100901	good
97.44619097	131.0036378	90.02623634	4959.576644	301.7446352	0.893997654	bad
87.84119187	126.6730546	104.5797273	4487.854044	293.042741	0.978028227	bad
82.8024468	144.6946292	83.21044685	4109.736199	281.6946588	0.94154427	bad
63.88705975	139.4298606	109.0985701	4547.959489	293.4595961	0.812440645	good
84.60028907	107.583744	93.44967022	4454.377335	327.3879656	0.829460609	bad
99.602154	115.5861034	119.877955	4844.357083	310.1923431	0.801568318	bad
65.60336061	112.424457	95.51809795	4098.082581	339.252329	0.926184358	good
80.73318609	137.1973146	102.7610075	4488.241137	294.3380014	0.889534685	bad
95.09492288	101.6766217	80.581027	4150.048665	310.7089579	0.82685497	good
89.63074471	128.4944842	83.62234439	4324.675927	313.1307553	0.991586824	good
87.88062964	138.1229343	99.62467782	4737.357077	309.1697162	0.905931945	good
88.09936336	143.8382818	103.9969417	4476.018129	320.2633773	0.848378659	good
74.37964605	117.1040874	110.0010274	4375.888285	273.7433468	0.900120714	good
71.74367377	141.0628652	94.58312894	4394.476279	301.2363778	0.935924067	bad
92.37444622	105.5315868	114.7490943	4459.446768	260.4224803	0.815247844	good
92.40453579	142.3226146	123.0061199	4785.016544	288.4511328	0.854940763	good
94.68289274	106.3744331	118.9925494	4892.084689	298.7667069	0.961393098	good
96.5296221	119.8643645	81.98094127	4955.334687	315.222426	0.891932974	good
80.45369595	139.8647683	104.0253474	4786.903386	345.0531053	0.909315428	bad
80.06065179	107.4958714	85.24650892	4315.406896	310.0651067	0.8865632	good
91.93180716	111.4625698	92.10225079	4688.134706	324.3593916	0.808779989	bad
85.99855723	136.1126284	129.3331297	4437.603124	300.6266059	0.833149956	good
88.07867509	136.0018268	87.12477715	4254.670622	313.4104031	0.889108328	bad
91.83170678	132.0573816	104.9444077	4840.871579	257.0932216	0.841837093	good
95.60021367	134.6974222	110.9077867	4038.426349	275.4391581	0.809995806	good
73.51980627	127.1362222	115.1232485	4901.761992	286.1853093	0.968729933	bad
75.02331811	112.5899529	107.9824342	4461.477465	297.2493355	0.996238506	good
63.75927759	117.2847997	80.48854237	4637.201477	254.5648746	0.958628575	bad
83.13120564	109.0798858	96.32306541	4659.353922	264.0024098	0.970756984	good
61.43769095	145.4225281	105.8855822	4895.117741	277.6814308	0.848395426	bad
78.62392073	129.1695897	84.39332496	4636.669682	347.1532691	0.992125395	good
81.70578539	120.0425708	97.53134656	4613.933585	283.1347007	0.839385141	good
71.46165009	123.1002902	81.66015544	4066.652041	298.2041058	0.990285962	bad
83.63333042	147.364167	83.92892486	4518.408022	269.6097713	0.998963859	good
61.22001	107.6675702	99.84616381	4150.169001	311.0780071	0.942344561	good
61.49392755	129.3114916	86.6357877	4737.433769	278.0683216	0.996228746	good
92.90402243	125.2944339	108.3770424	4512.221921	270.6992578	0.913907956	good
74.40762566	130.5727118	114.4732485	4680.227779	301.6572628	0.851908357	good
65.08242051	100.9055092	120.029335	4041.672901	250.5505799	0.887399177	good
80.8897304	143.6061954	90.00751221	4084.792016	250.7664033	0.918712187	bad
90.79974212	146.6059141	88.37412911	4716.323388	271.9068809	0.814616312	bad
68.6328411	128.2566592	85.22839202	4072.084336	253.6721363	0.924468653	bad
84.91561903	134.8325412	111.8215125	4071.256728	260.8025754	0.996235567	good
63.4138986	146.1249691	115.3237863	4012.108475	283.8860649	0.83802153	bad
62.06726885	135.3619317	81.57930724	4956.501398	330.258568	0.958519023	good
81.25418526	107.6269521	126.8106123	4737.508359	307.2048643	0.981579759	good
81.62540486	128.814418	82.59856418	4353.251409	301.2667726	0.988740319	good
85.49719606	130.3357523	107.0648168	4296.535581	279.3488823	0.992027121	good
89.04365335	121.2065336	115.453026	4349.70323	343.1753719	0.904291928	bad
99.03408318	136.8222118	123.5484562	4774.653531	289.7015041	0.995461582	good
80.65201393	146.7183507	115.7043466	4661.370611	258.7092767	0.951462041	bad
72.91825892	146.2784256	120.0864042	4185.195568	311.7066516	0.832334287	good
91.80744779	122.5419686	96.97250963	4174.109335	261.3838393	0.895380021	bad
70.83329005	105.6619023	120.7412557	4098.39565	284.5223143	0.943666235	bad
77.55885683	149.2420599	84.00574232	4660.30272	300.7411939	0.849468063	bad
63.13825525	141.9449043	124.7408328	4764.372662	337.4222525	0.928123037	bad
61.01402974	106.2331341	107.3796188	4265.046428	299.354658	0.933320096	bad
98.50593659	146.0420941	120.8648885	4020.944961	320.2258766	0.832539949	bad
93.43920482	143.4948181	102.6159142	4082.171667	349.2816839	0.913017062	good
87.83896824	125.9419029	112.1788848	4967.860035	263.148912	0.954325382	bad
76.35811778	129.5637718	106.320133	4295.444777	277.4731526	0.899779133	good
66.9317728	119.9501352	116.5794761	4769.223148	289.4576076	0.802420623	bad
66.25748171	102.7380819	84.0814991	4624.663569	292.1828179	0.801807694	good
70.00971593	116.7598621	83.0176042	4381.93964	291.1021075	0.871405869	bad
81.96906659	140.1426724	92.3551617	4205.687262	340.7611003	0.985238814	bad
88.58383691	100.2316012	87.97723401	4121.386418	321.4032644	0.845735356	good
86.40789507	116.6749586	123.5891783	4615.012968	310.7905214	0.926872738	bad
71.19735588	119.9084347	90.96069937	4774.633781	280.9372718	0.844415174	bad
98.19461123	126.8697801	128.7932628	4643.904254	332.3790384	0.864333998	bad
89.51587667	145.9927808	96.84478959	4530.302133	345.5060511	0.969608418	good
82.1741621	117.3172997	89.10589578	4041.951223	332.1198283	0.945772288	bad
84.46882985	117.3476601	119.4849254	4968.488778	250.1565105	0.819079855	good
76.7840025	136.8750624	112.9353888	4798.714192	313.640137	0.885740404	bad
69.90923958	122.610897	104.9097858	4292.822037	255.1135381	0.805833953	bad
74.23890715	111.2302411	107.7681775	4979.970329	275.760722	0.896178029	good
90.31384442	122.6219758	115.9600889	4601.88159	255.95247	0.932486802	bad
60.57573955	107.042851	91.42273707	4582.422658	310.3795453	0.823700525	bad
64.64290562	108.8193493	129.8166958	4748.073179	318.6589913	0.857776988	good
61.84010568	124.9183886	128.7396581	4811.769788	261.4487638	0.879567325	bad
61.62915209	120.9462725	112.5162843	4656.478607	288.3838883	0.983906205	good
94.21842336	145.7422951	89.97712255	4128.095746	295.6236509	0.998651003	good
88.14631438	118.119695	114.0114121	4338.267506	286.9053022	0.80898226	good
78.96695316	129.0294175	83.60992045	4928.08364	262.1025	0.952201585	bad
63.91336643	131.6132144	81.53262511	4224.615612	291.894779	0.874344813	good
79.664635	100.6547228	92.88414443	4372.167024	325.1178048	0.878491637	good
78.93887083	133.1768686	103.1311478	4432.076883	257.1007665	0.950852995	bad
66.9280748	108.9017983	123.4136253	4439.40499	258.0180014	0.983685286	good
77.35406597	148.0535159	116.3584535	4612.939582	285.4771292	0.990185719	bad
75.94018938	107.4331364	117.1353261	4943.075838	344.1725712	0.915424517	bad
84.63400392	120.7312062	101.2746667	4240.692712	316.8572647	0.871424232	bad
85.40374603	104.2674834	97.29674963	4121.501376	317.8669957	0.957509817	bad
61.81216039	149.8437126	98.55193815	4197.47049	286.1919991	0.850200277	good
74.98450459	125.1097505	129.3824782	4886.9249	309.3660791	0.912814806	good
85.03439663	129.7692509	82.00545957	4645.810813	251.0131184	0.871715692	good
80.12545034	103.3538239	123.3515748	4285.906789	313.6096046	0.931326215	good
94.25959365	137.4980235	108.9337704	4815.946939	341.3286948	0.848079783	good
86.34774526	110.4952797	101.930771	4861.369996	311.2573468	0.838318589	bad
66.51737708	144.9027145	116.262883	4846.514339	337.3698593	0.983647817	good
62.8227499	110.256982	104.3334471	4918.926534	322.3973055	0.820360737	good
85.69677113	109.534386	123.6711619	4252.24102	262.0558416	0.901191582	good
61.06045242	101.8274834	125.0350932	4755.041929	340.2453307	0.844170557	bad
83.43102325	123.6033473	101.0860463	4460.539497	256.6443844	0.807785993	bad
97.60920966	128.2420567	93.84138986	4841.998553	303.3967473	0.807203764	good
83.01896712	103.285432	109.6175164	4728.490677	264.2137124	0.835044354	bad
75.52679705	138.7763808	125.6181673	4776.447446	251.1706611	0.973354071	good
85.73152874	122.6644417	90.53310945	4656.161838	292.203426	0.856495749	good
78.33011562	126.2195135	111.1483292	4177.428769	279.5040708	0.990091834	bad
81.82467157	122.0381373	111.578011	4545.026919	298.6000494	0.916324459	bad
97.65859235	120.038153	116.6556511	4984.66974	307.7199887	0.887322838	good
75.44410551	127.9820166	86.57838426	4937.388066	254.3739072	0.916017767	good
98.44762255	107.7620123	115.7912482	4043.173736	262.3003295	0.903339677	bad
96.21402568	109.0964065	125.451626	4164.814816	305.8642396	0.951755251	good
67.83164539	143.0892811	88.98415544	4131.728773	284.3167353	0.856499213	bad
62.77445204	147.3057731	91.87716625	4725.97991	322.9173488	0.870610078	good
64.03112006	118.6654658	128.5697547	4817.78533	315.2291649	0.978818861	bad
60.72887303	113.5372337	89.04884764	4213.511366	334.5604363	0.989291303	good
63.77771843	132.1999772	122.7192547	4505.852693	319.2492827	0.978511645	good
87.32027094	120.4367086	104.6138928	4840.703028	292.9931077	0.883889599	bad
62.84754594	101.2693178	92.36155372	4732.801545	317.2966622	0.956073101	good
72.75902521	107.8076299	123.5374951	4542.237205	277.5381174	0.895267147	good
93.79501244	135.7986114	102.2652628	4590.34769	280.6313499	0.89950797	bad
60.93087743	132.9461971	105.7408677	4508.360547	328.898516	0.840936022	good
92.5787393	101.3547996	97.96166847	4297.548451	294.6419516	0.918226061	good
71.27419099	111.0986081	109.6475426	4565.021993	329.8380341	0.83722718	good
64.7265931	111.5537398	88.17619363	4688.885302	332.2422374	0.86631294	bad
87.86948661	133.5946372	99.55407683	4873.322916	335.7562338	0.97100604	bad
85.15771387	100.9855269	128.4706161	4636.291354	341.6635236	0.841415162	bad
95.09888054	105.2054291	92.90667164	4761.121537	293.0985221	0.814231657	good
89.40284175	139.9958043	112.8368332	4160.071635	281.8866818	0.813801519	good
92.13923722	108.9272331	96.25950321	4461.557474	308.2198747	0.988156904	good
71.2813829	132.6373054	118.6736563	4009.33162	287.1172423	0.901384088	good
67.09758175	111.9091391	86.54368304	4246.678865	310.1074167	0.881882414	bad
90.02459007	104.9720696	128.4910523	4726.461715	320.5585863	0.962175716	good
92.27338957	112.1586095	102.6894771	4991.809951	318.8405018	0.967165186	good
99.62020568	136.1133466	91.80252317	4099.1781	287.4552887	0.866438207	good
76.50470708	142.7848234	83.67483737	4401.494316	266.6860202	0.938723611	bad
74.88072343	141.5109932	88.48789525	4800.070969	293.0529338	0.954224563	good
91.05651843	119.8591765	105.9886974	4204.035635	264.2594144	0.930930137	good
73.63214161	133.4042568	96.85015882	4555.084949	339.0097035	0.830319015	good
97.23029302	110.2492148	121.4441683	4733.071296	284.5877461	0.975176617	good
94.33651007	114.6573865	101.5443762	4615.98545	265.4459747	0.907818911	good
77.1597611	144.8167909	92.43571363	4188.024735	252.544776	0.856494485	bad
90.03484271	100.6500962	110.8572493	4355.384569	314.5822386	0.885045637	good
90.18171496	104.2754265	115.3388608	4783.791784	313.6902317	0.807514218	good
64.12495475	110.3943128	88.3520954	4554.226514	284.0604167	0.82557336	good
96.10211627	101.3266102	88.38096081	4005.229614	257.1711889	0.95310935	good
80.2100949	109.0717718	81.83357135	4760.99076	290.9628895	0.800002327	good
93.05829864	129.152078	116.8201008	4035.311355	281.1217495	0.883313166	good
72.80198404	121.0712275	113.1902264	4745.733783	317.712064	0.904502036	good
95.82092914	144.6335856	103.7315438	4202.48056	310.5779249	0.810926884	good
75.56806715	140.8721781	122.2085224	4958.07348	286.4593728	0.994615633	good
60.43350606	117.0908676	120.2835076	4367.940751	271.7892554	0.845225066	good
96.21527906	112.9711717	109.2677182	4326.931616	348.8035966	0.860839744	bad
63.65146707	118.9846204	123.413564	4148.88805	295.4001621	0.860788502	bad
72.7725455	129.5147471	90.2920605	4305.604215	318.8274236	0.846083332	bad
98.00247868	113.403182	85.59598097	4876.650762	264.0552968	0.800294764	bad
98.02428588	131.2074454	93.48748058	4996.334338	298.55897	0.945868959	good
82.93751552	120.4705826	82.8543428	4368.309531	252.753672	0.9933691	bad
85.27348849	127.602359	106.5584764	4448.610631	300.5455118	0.844858697	bad
77.93782088	121.8063265	126.8302846	4722.070938	346.4017407	0.932609438	good
71.72843087	114.723288	81.96717703	4886.19578	288.4206713	0.948379265	bad
73.14658181	147.4226653	86.1054957	4593.044334	253.8996013	0.969685076	bad
86.90073824	138.1802897	102.6099514	4391.525698	253.0955791	0.884525839	good
90.09498118	107.0056588	126.6937509	4412.621841	288.798676	0.860586181	good
91.66316175	143.4233988	95.80780525	4695.618146	266.0024936	0.865059027	good
91.58472571	124.3715599	105.3617404	4003.218264	252.3352096	0.942524267	bad
63.64824412	144.7276113	82.07864295	4619.589337	325.6213614	0.963355893	bad
79.77681219	139.9927628	87.41716005	4355.49301	295.8523009	0.836322794	good
62.3023504	121.2606752	129.3315061	4794.197331	278.9244772	0.874188202	good
81.98115529	101.1234654	128.2559348	4092.99064	340.0083183	0.980388039	bad
77.66122005	113.433868	80.24699905	4588.202267	261.613896	0.961338704	good
95.50816731	127.0817107	127.5905893	4480.97289	345.5918829	0.996971681	bad
74.0366005	131.673911	111.9559969	4642.325526	281.3966717	0.950849652	good
64.68268066	112.8943843	123.3959147	4064.853594	338.8403672	0.87863904	good
65.71966728	106.9678037	102.7369928	4579.983787	310.2942876	0.918127567	bad
90.46042527	141.7465118	105.7798014	4561.484588	332.670736	0.932202851	good
84.72872253	149.220109	104.442329	4560.660094	348.4013163	0.815691163	good
64.04490704	126.2845091	113.3432129	4603.487667	278.8405438	0.908899392	good
63.36427224	108.5839643	86.98256274	4676.467937	346.1135485	0.941864166	bad
88.03876526	113.6153663	81.49867949	4804.989	288.9481895	0.833464261	good
62.91052025	100.9195338	95.39649708	4269.82072	288.5511905	0.956126343	good
92.87440237	145.7149403	115.2340381	4825.04941	284.0387104	0.916754556	good
88.24968909	105.8875541	90.09267261	4498.255682	304.1407607	0.990444357	good
63.25395123	128.8258238	113.6716217	4077.058279	265.4145043	0.80848446	good
63.39350856	113.702761	128.4956023	4058.550929	305.3711485	0.853065228	good
99.46558314	127.7089001	84.69503579	4334.238319	304.1704812	0.920310776	bad
74.97083183	132.5710194	113.6301059	4784.896977	326.1901813	0.859311982	bad
74.82568588	141.4870902	102.187511	4707.680935	333.3649962	0.942884833	good
92.51198269	110.3210636	123.4071127	4788.614965	294.044135	0.951801057	bad
97.8899431	100.5497914	88.85748947	4517.269056	280.2333249	0.820503193	bad
99.44004255	106.8442815	114.6312976	4440.198998	275.9334897	0.902770893	good
90.13512741	145.0009321	121.9057645	4147.452527	269.4623837	0.901778111	bad
75.05038342	143.6945039	127.230711	4328.192754	255.7647582	0.873856154	bad
63.34002867	129.8706551	114.1624014	4434.019366	284.2447979	0.986584973	bad
91.08587664	130.025843	104.8587382	4088.60043	277.0247692	0.965501264	bad
82.33616999	133.2518337	110.892362	4220.611953	346.6417386	0.939441876	bad
76.96888037	108.7685639	123.4452492	4598.225294	305.7708826	0.942865327	bad
96.2541754	145.7205973	108.5304873	4735.663114	284.7277039	0.892343229	bad
64.44789929	120.9385262	81.51935298	4998.347511	308.0467601	0.984198904	bad
79.70500417	119.1569264	126.5474348	4933.113331	263.9196701	0.938919085	good
60.45414579	125.9458853	114.4763376	4642.5652	294.4043749	0.945796212	good
78.74642568	102.3482983	113.8256693	4421.248053	312.6234321	0.972338181	bad
62.25213103	108.3141684	90.78375762	4636.177365	298.8897832	0.854814318	bad
64.75271665	136.9016808	112.9442735	4785.651618	290.1778801	0.961414181	good
64.70104987	104.1399334	99.69322028	4118.336191	349.3848389	0.839048121	bad
85.96841208	130.1576055	112.5616489	4409.90489	338.0314762	0.86906839	bad
89.84179517	112.2674555	85.32965152	4839.802286	312.3405958	0.867122091	good
83.3347506	119.4647807	112.8922652	4383.832952	306.9377361	0.995705094	good
98.48690194	114.4346868	129.9706863	4571.872271	312.066048	0.971307445	good
74.99482318	117.7836358	82.41060194	4587.769361	270.1312108	0.940233972	bad
71.42848345	135.9522953	128.8587092	4184.476253	289.5137743	0.945411352	bad
94.74396513	114.8560858	100.345398	4362.235442	253.9459533	0.912414559	good
68.94383354	128.320232	123.5376725	4334.511289	297.5546037	0.989418133	good
98.52890158	123.8025201	119.1192742	4026.196709	304.3024584	0.899251751	bad
60.48617899	133.1835583	108.350813	4024.191764	272.7749736	0.876103542	good
98.79515307	146.841487	116.9224605	4831.697044	346.4028847	0.832607067	bad
61.72639648	136.6286049	123.9257781	4273.07081	340.9454611	0.95724113	bad
95.64572455	110.7470189	100.2070161	4518.078766	322.2143235	0.946888786	good
81.10804436	101.5591568	96.35165808	4298.725574	303.3386629	0.876871008	good
99.71859184	113.1132022	113.3796693	4940.679245	336.996916	0.805038683	bad
62.95186259	129.7538965	120.3922971	4259.296759	263.0652344	0.967799466	good
82.15417138	102.5712907	118.1142567	4429.656813	329.0509794	0.802283597	good
98.77210142	124.8183124	119.8906824	4872.73025	262.4820814	0.940739956	good
80.92391377	129.8421424	101.7791657	4841.933567	329.4210663	0.994051422	good
85.17594553	116.7121945	120.8917108	4186.101418	277.5767568	0.887532266	bad
87.82994756	138.5456102	86.01045277	4802.64331	337.7090581	0.846994681	bad
78.18164259	105.3299127	107.2244549	4458.186887	344.4042094	0.940974202	bad
85.1023232	103.7568891	80.28793302	4482.968872	264.8795969	0.963425628	bad
83.37257248	136.4094378	96.2292915	4133.479972	296.2675605	0.909286063	good
96.04632042	124.7745658	98.32307674	4080.601514	348.0987378	0.993407055	good
61.81785521	134.4201198	99.80863458	4727.939307	298.3407436	0.810333744	bad
71.23852758	121.7413669	114.7733603	4496.461152	336.3547523	0.90095912	bad
98.01645936	112.3201017	99.42790506	4436.850703	308.8731522	0.943690789	good
95.61055136	140.9551159	102.4346811	4729.508229	287.5329908	0.972528094	bad
78.22627011	139.9707939	91.87720654	4765.512899	278.5783556	0.835851122	bad
84.80530391	134.7348235	98.66258958	4158.908168	270.3223091	0.960000696	good
71.09524732	113.6072569	91.36348136	4610.225149	326.1798191	0.910541415	bad
67.52484639	129.5115333	83.65979619	4135.354082	288.6540507	0.879310736	good
78.5479362	118.0486948	110.1724297	4751.375086	301.1275462	0.826343006	good
74.13408912	104.5791037	113.4106399	4656.955156	299.232548	0.973059152	bad
83.34624447	145.8656788	110.9745173	4956.614621	307.7279029	0.831454642	good
63.10938548	106.8409315	103.1747022	4068.958016	336.5577146	0.861957572	bad
98.97579231	147.5118677	98.98928901	4057.054721	348.0739344	0.858009106	good
99.44842978	122.3002886	123.1666825	4282.187075	290.7584209	0.974282807	bad
87.92646856	109.2566464	105.9540893	4261.705684	332.7518922	0.934540599	bad
81.44385465	127.0950474	103.9590939	4246.978799	326.4527795	0.959336279	bad
72.38110465	143.6472918	81.28210329	4906.254581	307.3528951	0.85009358	good
92.55180079	136.6112443	97.06239138	4249.5462	345.6047144	0.92497482	good
87.3892469	140.3280574	99.00978094	4271.949726	270.0474516	0.914349197	bad
66.50467757	132.9391683	99.94113904	4759.398262	260.926421	0.966566075	good
96.43708738	134.6138282	109.0086185	4449.739842	335.3961967	0.981217412	bad
92.90148972	142.4597826	106.6801273	4776.710557	293.9149817	0.802431354	bad
97.99199653	112.4834004	110.3952546	4065.366158	334.6968854	0.934803984	good
89.02878034	124.4712482	118.2441631	4487.571194	339.3090205	0.81036716	bad
84.53660784	111.0604721	120.6492869	4033.6136	256.2457594	0.909771733	good
76.72972145	149.3834004	115.9061538	4062.653203	338.3464763	0.857526546	bad
97.30913933	147.202967	127.7761848	4906.437453	294.8319055	0.86135532	good
94.64255558	101.9713406	80.91162913	4139.245371	301.0432489	0.870591701	bad
61.8087468	135.2787586	89.78889928	4532.420682	312.6592511	0.92425849	bad
61.05467898	146.2624159	80.37814375	4411.095603	342.6382607	0.866809993	good
75.05853468	109.0287673	112.3737357	4347.343326	251.9116094	0.94653981	bad
92.42213323	128.3972615	124.9015274	4899.833346	297.6843468	0.880905477	bad
99.49104517	145.7744149	92.17411483	4021.823397	318.7722042	0.81367064	good
66.01667564	101.6972989	126.3517272	4663.789686	322.2706958	0.956751968	bad
83.76522861	134.8710134	83.01336951	4963.394434	319.2532432	0.857151665	good
75.23563427	114.8674504	126.7218013	4560.168183	263.4435129	0.886553376	bad
98.79657591	146.2198098	97.58113436	4936.822462	279.9395588	0.937088777	good
93.68475693	148.5529123	85.07104142	4052.257879	285.8715525	0.866491231	bad
93.53314819	147.2133245	104.293588	4418.793319	330.4437208	0.811317131	bad
78.74772639	123.7107108	92.83882839	4260.157791	277.8759872	0.874784209	bad
76.59278009	143.1021325	94.2436451	4730.820965	271.0704964	0.988889717	good
70.93628288	142.2274699	95.36449825	4981.29709	345.7448019	0.928346879	good
62.25501987	115.9550237	120.1512949	4256.530062	250.8863285	0.93429583	good
94.58889505	141.4457737	106.9580638	4654.174601	349.7820856	0.926456431	good
92.51604037	101.8503817	95.56538496	4198.097633	317.6821299	0.839798428	bad
99.98870693	129.8134939	110.5166892	4565.330255	332.8469299	0.883666773	bad
99.86547348	111.5004419	115.8075337	4463.932487	279.4619396	0.95018796	good
82.21726822	106.0283443	93.63120004	4972.00533	251.4315278	0.82027458	good
90.75949661	103.8476601	100.6774551	4608.527273	323.7869519	0.855570555	good
97.7906292	134.8144388	86.09430467	4349.506372	333.4144597	0.855263822	bad
93.98589563	116.9937482	89.05746748	4114.095785	324.0476132	0.886403786	good
69.89392407	136.2383386	114.0558927	4151.246829	264.2850287	0.996073748	good
78.02176541	103.267817	89.07191738	4225.31693	325.3427922	0.813500509	bad
65.16637661	115.7645169	106.2581692	4250.966661	326.8922782	0.903740199	bad
98.16204109	126.9745646	115.4523131	4850.616058	315.8540516	0.835872936	good
84.24698538	139.5361582	85.34384615	4561.222788	326.6115933	0.994135309	bad
69.14571222	115.9376251	108.365611	4523.390911	334.592144	0.822660701	good
86.86802738	131.2945688	92.82813919	4114.768872	311.3604114	0.8807202	bad
84.72512962	144.2988874	128.1463438	4860.139693	258.8604714	0.947576997	good
74.32650872	130.7931594	104.1772823	4722.814303	298.762781	0.940910886	good
64.54230369	111.6479737	120.2996275	4067.668362	257.7649335	0.884545727	good
86.86292782	101.2200391	107.5113271	4707.835097	290.7543031	0.869304834	good
80.81230804	143.5049437	82.17062664	4543.538217	290.7106489	0.879522476	bad
90.89273567	101.0634705	111.6575688	4081.725346	256.6009844	0.852855253	bad
80.80654004	143.7350836	127.5701671	4458.300642	284.8820534	0.841066588	bad
94.08726001	126.4468567	110.080591	4484.696287	261.0998099	0.89660794	bad
82.07627355	146.9533849	120.959443	4165.77454	330.823521	0.853706751	good
82.43751886	139.9391618	124.2103232	4945.698147	344.7688026	0.857492333	good
95.06614411	149.8967055	91.4039886	4849.975371	257.2316475	0.931351213	bad
76.13931465	117.5355908	90.602242	4669.022337	345.5115207	0.993707466	bad
65.36060914	138.3594144	110.5490494	4462.295561	302.2576599	0.92072744	bad
61.15130705	120.0965457	100.5514235	4411.765542	279.9565678	0.815395893	bad
90.20549023	123.993781	121.9930651	4650.973467	257.6862075	0.815116723	bad
84.81238205	131.3752732	125.0011562	4545.431869	300.0624268	0.990284644	good
88.16319072	143.6838557	97.67106897	4062.273106	329.4515544	0.859458158	good
68.51856646	149.2041735	91.84352795	4512.502649	320.7086477	0.818413397	good
65.45485902	138.4136707	119.0262758	4806.403617	255.0226011	0.919808917	bad
60.58178663	120.8883391	93.74030178	4459.239878	257.2901835	0.924729756	bad
74.02350235	121.0678501	121.1307159	4051.956578	290.2873283	0.929700964	bad
83.59670747	136.8791151	101.1869127	4786.278199	279.5290494	0.853480406	bad
75.6897618	111.9388573	113.377495	4201.363782	273.2384323	0.803022137	good
77.49899688	105.5237057	84.77676569	4258.620835	278.1004499	0.993003074	good
96.16634778	117.7311079	111.1929662	4164.706353	330.3482743	0.850178609	bad
73.93021868	114.3619496	102.5883839	4330.215065	342.9228054	0.935205258	good
80.55957957	114.815406	109.3304232	4756.751506	290.5102695	0.941325974	good
91.34612051	111.6803876	88.40071039	4519.38586	340.6111002	0.922001483	bad
75.86171129	102.1046595	116.8436872	4204.881274	282.1495701	0.862581479	bad
84.88346801	100.8936967	123.1398539	4877.830078	297.6436986	0.854219251	bad
94.49454835	149.3861195	90.83699	4879.581855	272.6028998	0.919533657	bad
97.98082495	121.3886567	84.78572778	4870.578425	314.0476042	0.973219127	bad
65.88293924	119.2163324	81.1819293	4238.796211	347.8981115	0.989346746	bad
97.06350501	133.9823641	112.098575	4451.239344	310.3493096	0.821181161	good
79.68465172	110.9126944	110.3547018	4984.989656	285.7814084	0.830965723	good
70.32977553	147.4980592	107.3348706	4772.012476	314.7817446	0.988947252	bad
78.36543025	139.3172507	91.59735481	4027.167421	262.2920678	0.947307046	good
99.20130301	104.4705501	99.5452998	4065.204591	338.865908	0.976598765	bad
79.70472376	120.8790388	109.7238168	4463.931377	300.3083951	0.840526527	bad
73.15006441	143.9559154	104.8383429	4909.220206	294.9349742	0.917517174	bad
85.33603417	147.2366011	129.389276	4538.701798	308.5864788	0.940227919	bad
69.60582475	123.3700756	86.82198763	4497.812508	312.4783863	0.936022377	good
63.03453312	130.6705695	114.7572277	4105.4737	257.1775806	0.881630338	bad
65.15518888	108.3516973	100.2159384	4656.780105	318.2617221	0.803078978	good
65.12183356	149.5584313	101.4099807	4822.103161	274.193168	0.916585211	bad
66.07610774	111.5835851	115.8798883	4380.420008	321.3952633	0.850620308	bad
65.55308691	147.1365887	114.6218076	4775.611851	332.2534794	0.890050849	bad
85.63498979	132.4823324	129.5627997	4964.476654	330.3958508	0.991516203	good
67.27520338	130.3868397	86.41971447	4203.766459	305.2500967	0.879807064	bad
73.82669133	125.6344256	85.20548247	4523.329631	302.0169892	0.967960321	bad
95.8715364	111.5334906	116.2169409	4287.137958	264.2875961	0.837708121	bad
78.95846561	108.8264016	108.9193459	4792.854419	327.534615	0.9344921	good
86.70230954	111.0243105	93.70803333	4577.593366	277.140938	0.995401391	good
66.89279485	109.3219131	83.97096845	4634.582418	299.6695423	0.82037862	good
67.69156075	138.9792237	84.28291248	4797.91416	278.4274093	0.801663988	bad
61.63474465	117.506263	124.7095437	4395.970473	263.3828363	0.886716559	good
66.75740252	102.8921338	89.59336624	4915.090068	312.9557697	0.818525097	bad
71.14361356	148.4551315	96.16857811	4533.028867	255.4332035	0.94967687	good
67.08041937	144.1892942	91.33282011	4157.954823	324.8645234	0.982909733	good
63.54810135	146.3876142	97.74981529	4695.899118	281.7586795	0.886804195	bad
64.82543484	149.7453911	83.47119214	4793.26135	250.0134693	0.851742328	good
78.43115072	108.6947625	105.9529895	4316.761677	301.1129139	0.886880664	bad
68.25334874	119.8121009	83.38062818	4857.179257	254.6851909	0.944689564	bad
74.57079444	137.9119238	120.0178254	4906.143255	277.6169558	0.801810832	good
80.13669083	134.8010309	91.6856041	4276.904487	320.6976487	0.917890798	bad
87.61579315	107.6947953	107.0005957	4983.521473	256.2689622	0.922658337	bad
61.57248559	140.7916562	124.0039544	4140.711528	333.9338492	0.927537649	good
91.97641596	111.2220286	112.5438685	4202.015668	250.3819923	0.848404416	good
85.11601558	111.1908807	106.6478893	4184.224839	274.6823869	0.942810545	bad
63.27036128	126.8487211	96.21668766	4893.98971	324.0904056	0.818278297	good
94.94314496	129.6469967	96.65009565	4654.292552	281.627015	0.839854067	bad
96.83489602	129.0043104	113.4743478	4152.104283	260.1892388	0.975494009	bad
62.44311839	104.5743419	129.7069681	4440.323418	286.0233919	0.94774463	good
71.07510593	143.8730431	113.0919595	4615.298025	277.0393286	0.802749111	good
92.24805119	113.2800021	107.8891709	4083.464085	334.2711902	0.849675252	good
89.93038762	106.4757461	116.5325255	4882.416368	281.3347918	0.842881297	good
67.38084077	144.437404	103.2602806	4803.603535	328.8932472	0.854161266	bad
68.37397293	147.7825749	83.00711713	4505.206774	339.1872145	0.849511954	bad
74.81888411	143.1063809	108.1148408	4967.126615	293.381742	0.812505259	good
79.38091941	140.4758037	127.8812642	4417.760979	340.9943144	0.891788103	good
84.73019086	132.762099	88.76514712	4984.110319	287.7318054	0.946546695	bad
74.75654558	127.5428685	114.5002445	4667.919999	346.4078416	0.921346345	bad
78.50138865	104.349338	90.04668443	4634.671273	258.9289525	0.934574334	bad
89.89883753	120.4226607	106.7913842	4165.954895	318.7019267	0.816229836	bad
61.46732812	118.6344259	84.83382248	4881.927758	299.381404	0.990298142	good
70.09747777	112.9876892	102.5185468	4427.489688	288.7648805	0.967698367	bad
